{
  "name": "fullcalendar",
  "title": "FullCalendar",
  "description": "Full-sized drag & drop event calendar",
  "keywords": [
    "calendar",
    "event",
    "full-sized",
    "jquery-plugin"
  ],
  "homepage": "http://fullcalendar.io/",
  "bugs": "http://fullcalendar.io/wiki/Reporting-Bugs/",
  "repository": {
    "type": "git",
    "url": "https://github.com/fullcalendar/fullcalendar.git"
  },
  "license": "MIT",
  "author": {
    "name": "Adam Shaw",
    "email": "arshaw@arshaw.com",
    "url": "http://arshaw.com/"
  },
  "copyright": "2016 Adam Shaw",
  "dependencies": {
    "jquery": ">=1.7.1",
    "moment": ">=2.5.0"
  },
  "devDependencies": {
    "jquery-ui": ">=1.11.1",
    "jquery-simulate": "~1.0.1",
    "jasmine-jquery": "~2.1.1",
    "jasmine-fixture": "~2.0.0",
    "moment-timezone": "~0.2.1",
    "bootstrap": "~3.2.0",
    "jquery-mockjax": "~2.2.0"
  },
  "main": [
    "dist/fullcalendar.js",
    "dist/fullcalendar.css"
  ],
  "ignore": [
    "*",
    "**/.*",
    "!/dist/**",
    "!/README.*",
    "!/LICENSE.*",
    "!/CHANGELOG.*",
    "!/CONTRIBUTING.*"
  ],
  "version": "2.9.1",
  "_release": "2.9.1",
  "_resolution": {
    "type": "version",
    "tag": "v2.9.1",
    "commit": "386c88a694e5fa3c0eb4e03b6fceb1d9651944f7"
  },
  "_source": "https://github.com/fullcalendar/fullcalendar.git",
  "_target": "~2.9.1",
  "_originalSource": "fullcalendar"
}